Workbook

Sheet السيلز
A1: دليل سيلز مناطق
A2: الأعمدة البرتقالي إنت بتملاها. عمود «لينك البوابة» الرمادي بيتملا من النظام بعد الاستيراد — سيبه فاضي. الصف 5 مثال، امسحه قبل ما تبدأ.
A4: رقم السيلز (واتساب) | B4: اسم السيلز | C4: المطوّر | D4: رقم المطوّر (الرسمي) | E4: المنطقة | F4: المشاريع (افصلها بفاصلة) | G4: حالة التواصل | H4: تاريخ أول تواصل | I4: ملاحظات | J4: لينك البوابة
A5: +201004412287 | B5: شادي عزمي | C5: Xland Developments | D5: +20225190000 | E5: المقطم | F5: Verona Residence, Xland Heights | G5: بيبعت | H5: 2026-10-10 | I5: أول واحد وافق — مرجع للباقيين

Sheet المطوّرين
A1: المطوّرين
A2: عدد السيلز بيتحسب لوحده من شيت «السيلز». الباقي إنت بتملاه.
A4: المطوّر | B4: الرقم الرسمي | C4: الموقع | D4: عدد السيلز عندنا | E4: ملاحظات
A5: Xland Developments | B5: +20225190000 | D5: =IF($A5="","",COUNTIF(السيلز!$C:$C,$A5)) -> 1
D6: =IF($A6="","",COUNTIF(السيلز!$C:$C,$A6))
D7: =IF($A7="","",COUNTIF(السيلز!$C:$C,$A7))
D8: =IF($A8="","",COUNTIF(السيلز!$C:$C,$A8))
D9: =IF($A9="","",COUNTIF(السيلز!$C:$C,$A9))
D10: =IF($A10="","",COUNTIF(السيلز!$C:$C,$A10))
D11: =IF($A11="","",COUNTIF(السيلز!$C:$C,$A11))
D12: =IF($A12="","",COUNTIF(السيلز!$C:$C,$A12))
D13: =IF($A13="","",COUNTIF(السيلز!$C:$C,$A13))
D14: =IF($A14="","",COUNTIF(السيلز!$C:$C,$A14))
D15: =IF($A15="","",COUNTIF(السيلز!$C:$C,$A15))
D16: =IF($A16="","",COUNTIF(السيلز!$C:$C,$A16))
D17: =IF($A17="","",COUNTIF(السيلز!$C:$C,$A17))
... D84: =IF($A84="","",COUNTIF(السيلز!$C:$C,$A84))

Sheet الحالة
A1: أين وصلنا
A2: كل الأرقام هنا محسوبة من شيت «السيلز» — مفيش رقم مكتوب بالإيد.
A4: إجمالي السيلز | B4: =COUNTA(السيلز!$A$5:$A$225)-IF(السيلز!$A$5="",0,1) -> 0
A5: ماتكلمناش | B5: =COUNTIF(السيلز!$G$6:$G$225,"ماتكلمناش") -> 0
A6: اتكلمنا | B6: =COUNTIF(السيلز!$G$6:$G$225,"اتكلمنا") -> 0
A7: وافق | B7: =COUNTIF(السيلز!$G$6:$G$225,"وافق") -> 0
A8: بيبعت فعلاً | B8: =COUNTIF(السيلز!$G$6:$G$225,"بيبعت") -> 0
A9: وقف | B9: =COUNTIF(السيلز!$G$6:$G$225,"وقف") -> 0
A10: مطوّرين مختلفين | B10: =SUMPRODUCT((السيلز!$C$6:$C$225<>"")/COUNTIF(السيلز!$C$6:$C$225,السيلز!$C$6:$C$225&"")) -> 0
A11: ليهم بوابة | B11: =COUNTIF(السيلز!$J$6:$J$225,"http*") -> 0
A14: الخطوة الجاية
A15: ١. املا شيت «السيلز» — الأعمدة البرتقالي بس.
A16: ٢. صدّر الشيت CSV: ملف ← تصدير ← CSV (شيت «السيلز» لوحده).
A17: ٣. شغّل: node server/import-sheet.js القايمة.csv
A18: ٤. الأمر بيطبع لينك بوابة لكل سيلز — انسخه وابعته له على الواتساب.
A19: ٥. رجّع اللينكات في عمود «لينك البوابة» عشان تفضل معاك.
